epsilon,f1,acc,uuc_acc,inner,outer,half,auroc
[],"[0.45555555555555555, 0.4322751322751323, 0.43555555555555553, 0.430416068866571, 0.45342312008978675]","[0.48936170212765956, 0.4791666666666667, 0.4897959183673469, 0.47058823529411764, 0.4791666666666667]","[0.0, 0.0, 0.0, 0.0, 0.0]","[1.0, 1.0, 1.0, 1.0, 1.0]","[0.48936170212765956, 0.4791666666666667, 0.4897959183673469, 0.47058823529411764, 0.4791666666666667]","[1.0, 1.0, 1.0, 1.0, 1.0]","[1.0, 0.9965217391304348, 0.9833333333333333, 0.9938271604938272, 0.9982608695652173]"
[],"[0.45555555555555555, 0.4322751322751323, 0.43555555555555553, 0.430416068866571, 0.45342312008978675]","[0.48936170212765956, 0.4791666666666667, 0.4897959183673469, 0.47058823529411764, 0.4791666666666667]","[0.0, 0.0, 0.0, 0.0, 0.0]","[1.0, 1.0, 1.0, 1.0, 1.0]","[0.48936170212765956, 0.4791666666666667, 0.4897959183673469, 0.47058823529411764, 0.4791666666666667]","[1.0, 1.0, 1.0, 1.0, 1.0]","[1.0, 0.9965217391304348, 0.9833333333333333, 0.9938271604938272, 0.9982608695652173]"
[],"[0.45555555555555555, 0.4322751322751323, 0.43555555555555553, 0.430416068866571, 0.45342312008978675]","[0.48936170212765956, 0.4791666666666667, 0.4897959183673469, 0.47058823529411764, 0.4791666666666667]","[0.0, 0.0, 0.0, 0.0, 0.0]","[1.0, 1.0, 1.0, 1.0, 1.0]","[0.48936170212765956, 0.4791666666666667, 0.4897959183673469, 0.47058823529411764, 0.4791666666666667]","[1.0, 1.0, 1.0, 1.0, 1.0]","[1.0, 0.9965217391304348, 0.9833333333333333, 0.9938271604938272, 0.9982608695652173]"
[],"[0.45555555555555555, 0.4322751322751323, 0.43555555555555553, 0.430416068866571, 0.45342312008978675]","[0.48936170212765956, 0.4791666666666667, 0.4897959183673469, 0.47058823529411764, 0.4791666666666667]","[0.0, 0.0, 0.0, 0.0, 0.0]","[1.0, 1.0, 1.0, 1.0, 1.0]","[0.48936170212765956, 0.4791666666666667, 0.4897959183673469, 0.47058823529411764, 0.4791666666666667]","[1.0, 1.0, 1.0, 1.0, 1.0]","[1.0, 0.9965217391304348, 0.9833333333333333, 0.9938271604938272, 0.9982608695652173]"
[],"[0.45555555555555555, 0.4322751322751323, 0.43555555555555553, 0.430416068866571, 0.45342312008978675]","[0.48936170212765956, 0.4791666666666667, 0.4897959183673469, 0.47058823529411764, 0.4791666666666667]","[0.0, 0.0, 0.0, 0.0, 0.0]","[1.0, 1.0, 1.0, 1.0, 1.0]","[0.48936170212765956, 0.4791666666666667, 0.4897959183673469, 0.47058823529411764, 0.4791666666666667]","[1.0, 1.0, 1.0, 1.0, 1.0]","[1.0, 0.9965217391304348, 0.9833333333333333, 0.9938271604938272, 0.9982608695652173]"
[],"[0.45555555555555555, 0.4322751322751323, 0.43555555555555553, 0.430416068866571, 0.45342312008978675]","[0.48936170212765956, 0.4791666666666667, 0.4897959183673469, 0.47058823529411764, 0.4791666666666667]","[0.0, 0.0, 0.0, 0.0, 0.0]","[1.0, 1.0, 1.0, 1.0, 1.0]","[0.48936170212765956, 0.4791666666666667, 0.4897959183673469, 0.47058823529411764, 0.4791666666666667]","[1.0, 1.0, 1.0, 1.0, 1.0]","[1.0, 0.9965217391304348, 0.9833333333333333, 0.9938271604938272, 0.9982608695652173]"
[],"[0.45555555555555555, 0.4322751322751323, 0.43555555555555553, 0.430416068866571, 0.45342312008978675]","[0.48936170212765956, 0.4791666666666667, 0.4897959183673469, 0.47058823529411764, 0.4791666666666667]","[0.0, 0.0, 0.0, 0.0, 0.0]","[1.0, 1.0, 1.0, 1.0, 1.0]","[0.48936170212765956, 0.4791666666666667, 0.4897959183673469, 0.47058823529411764, 0.4791666666666667]","[1.0, 1.0, 1.0, 1.0, 1.0]","[1.0, 0.9965217391304348, 0.9833333333333333, 0.9938271604938272, 0.9982608695652173]"
[],"[0.45555555555555555, 0.4322751322751323, 0.43555555555555553, 0.430416068866571, 0.45342312008978675]","[0.48936170212765956, 0.4791666666666667, 0.4897959183673469, 0.47058823529411764, 0.4791666666666667]","[0.0, 0.0, 0.0, 0.0, 0.0]","[1.0, 1.0, 1.0, 1.0, 1.0]","[0.48936170212765956, 0.4791666666666667, 0.4897959183673469, 0.47058823529411764, 0.4791666666666667]","[1.0, 1.0, 1.0, 1.0, 1.0]","[1.0, 0.9965217391304348, 0.9833333333333333, 0.9938271604938272, 0.9982608695652173]"
[],"[0.45555555555555555, 0.4322751322751323, 0.43555555555555553, 0.430416068866571, 0.45342312008978675]","[0.48936170212765956, 0.4791666666666667, 0.4897959183673469, 0.47058823529411764, 0.4791666666666667]","[0.0, 0.0, 0.0, 0.0, 0.0]","[1.0, 1.0, 1.0, 1.0, 1.0]","[0.48936170212765956, 0.4791666666666667, 0.4897959183673469, 0.47058823529411764, 0.4791666666666667]","[1.0, 1.0, 1.0, 1.0, 1.0]","[1.0, 0.9965217391304348, 0.9833333333333333, 0.9938271604938272, 0.9982608695652173]"
[],"[0.45555555555555555, 0.4322751322751323, 0.43555555555555553, 0.430416068866571, 0.45342312008978675]","[0.48936170212765956, 0.4791666666666667, 0.4897959183673469, 0.47058823529411764, 0.4791666666666667]","[0.0, 0.0, 0.0, 0.0, 0.0]","[1.0, 1.0, 1.0, 1.0, 1.0]","[0.48936170212765956, 0.4791666666666667, 0.4897959183673469, 0.47058823529411764, 0.4791666666666667]","[1.0, 1.0, 1.0, 1.0, 1.0]","[1.0, 0.9965217391304348, 0.9833333333333333, 0.9938271604938272, 0.9982608695652173]"
[],"[0.45555555555555555, 0.4322751322751323, 0.43555555555555553, 0.430416068866571, 0.45342312008978675]","[0.48936170212765956, 0.4791666666666667, 0.4897959183673469, 0.47058823529411764, 0.4791666666666667]","[0.0, 0.0, 0.0, 0.0, 0.0]","[1.0, 1.0, 1.0, 1.0, 1.0]","[0.48936170212765956, 0.4791666666666667, 0.4897959183673469, 0.47058823529411764, 0.4791666666666667]","[1.0, 1.0, 1.0, 1.0, 1.0]","[1.0, 0.9965217391304348, 0.9833333333333333, 0.9938271604938272, 0.9982608695652173]"
[],"[0.45555555555555555, 0.4322751322751323, 0.43555555555555553, 0.430416068866571, 0.45342312008978675]","[0.48936170212765956, 0.4791666666666667, 0.4897959183673469, 0.47058823529411764, 0.4791666666666667]","[0.0, 0.0, 0.0, 0.0, 0.0]","[1.0, 1.0, 1.0, 1.0, 1.0]","[0.48936170212765956, 0.4791666666666667, 0.4897959183673469, 0.47058823529411764, 0.4791666666666667]","[1.0, 1.0, 1.0, 1.0, 1.0]","[1.0, 0.9965217391304348, 0.9833333333333333, 0.9938271604938272, 0.9982608695652173]"
[],"[0.45555555555555555, 0.4322751322751323, 0.43555555555555553, 0.430416068866571, 0.45342312008978675]","[0.48936170212765956, 0.4791666666666667, 0.4897959183673469, 0.47058823529411764, 0.4791666666666667]","[0.0, 0.0, 0.0, 0.0, 0.0]","[1.0, 1.0, 1.0, 1.0, 1.0]","[0.48936170212765956, 0.4791666666666667, 0.4897959183673469, 0.47058823529411764, 0.4791666666666667]","[1.0, 1.0, 1.0, 1.0, 1.0]","[1.0, 0.9965217391304348, 0.9833333333333333, 0.9938271604938272, 0.9982608695652173]"
[],"[0.45555555555555555, 0.4322751322751323, 0.43555555555555553, 0.430416068866571, 0.45342312008978675]","[0.48936170212765956, 0.4791666666666667, 0.4897959183673469, 0.47058823529411764, 0.4791666666666667]","[0.0, 0.0, 0.0, 0.0, 0.0]","[1.0, 1.0, 1.0, 1.0, 1.0]","[0.48936170212765956, 0.4791666666666667, 0.4897959183673469, 0.47058823529411764, 0.4791666666666667]","[1.0, 1.0, 1.0, 1.0, 1.0]","[1.0, 0.9965217391304348, 0.9833333333333333, 0.9938271604938272, 0.9982608695652173]"
[],"[0.45555555555555555, 0.4322751322751323, 0.43555555555555553, 0.430416068866571, 0.45342312008978675]","[0.48936170212765956, 0.4791666666666667, 0.4897959183673469, 0.47058823529411764, 0.4791666666666667]","[0.0, 0.0, 0.0, 0.0, 0.0]","[1.0, 1.0, 1.0, 1.0, 1.0]","[0.48936170212765956, 0.4791666666666667, 0.4897959183673469, 0.47058823529411764, 0.4791666666666667]","[1.0, 1.0, 1.0, 1.0, 1.0]","[1.0, 0.9965217391304348, 0.9833333333333333, 0.9938271604938272, 0.9982608695652173]"
[],"[0.45555555555555555, 0.4322751322751323, 0.43555555555555553, 0.430416068866571, 0.45342312008978675]","[0.48936170212765956, 0.4791666666666667, 0.4897959183673469, 0.47058823529411764, 0.4791666666666667]","[0.0, 0.0, 0.0, 0.0, 0.0]","[1.0, 1.0, 1.0, 1.0, 1.0]","[0.48936170212765956, 0.4791666666666667, 0.4897959183673469, 0.47058823529411764, 0.4791666666666667]","[1.0, 1.0, 1.0, 1.0, 1.0]","[1.0, 0.9965217391304348, 0.9833333333333333, 0.9938271604938272, 0.9982608695652173]"
[],"[0.45555555555555555, 0.4322751322751323, 0.43555555555555553, 0.430416068866571, 0.45342312008978675]","[0.48936170212765956, 0.4791666666666667, 0.4897959183673469, 0.47058823529411764, 0.4791666666666667]","[0.0, 0.0, 0.0, 0.0, 0.0]","[1.0, 1.0, 1.0, 1.0, 1.0]","[0.48936170212765956, 0.4791666666666667, 0.4897959183673469, 0.47058823529411764, 0.4791666666666667]","[1.0, 1.0, 1.0, 1.0, 1.0]","[1.0, 0.9965217391304348, 0.9833333333333333, 0.9938271604938272, 0.9982608695652173]"
[],"[0.45555555555555555, 0.4322751322751323, 0.43555555555555553, 0.430416068866571, 0.45342312008978675]","[0.48936170212765956, 0.4791666666666667, 0.4897959183673469, 0.47058823529411764, 0.4791666666666667]","[0.0, 0.0, 0.0, 0.0, 0.0]","[1.0, 1.0, 1.0, 1.0, 1.0]","[0.48936170212765956, 0.4791666666666667, 0.4897959183673469, 0.47058823529411764, 0.4791666666666667]","[1.0, 1.0, 1.0, 1.0, 1.0]","[1.0, 0.9965217391304348, 0.9833333333333333, 0.9938271604938272, 0.9982608695652173]"
[],"[0.45555555555555555, 0.4322751322751323, 0.43555555555555553, 0.430416068866571, 0.45342312008978675]","[0.48936170212765956, 0.4791666666666667, 0.4897959183673469, 0.47058823529411764, 0.4791666666666667]","[0.0, 0.0, 0.0, 0.0, 0.0]","[1.0, 1.0, 1.0, 1.0, 1.0]","[0.48936170212765956, 0.4791666666666667, 0.4897959183673469, 0.47058823529411764, 0.4791666666666667]","[1.0, 1.0, 1.0, 1.0, 1.0]","[1.0, 0.9965217391304348, 0.9833333333333333, 0.9938271604938272, 0.9982608695652173]"
[],"[0.45555555555555555, 0.4322751322751323, 0.43555555555555553, 0.430416068866571, 0.45342312008978675]","[0.48936170212765956, 0.4791666666666667, 0.4897959183673469, 0.47058823529411764, 0.4791666666666667]","[0.0, 0.0, 0.0, 0.0, 0.0]","[1.0, 1.0, 1.0, 1.0, 1.0]","[0.48936170212765956, 0.4791666666666667, 0.4897959183673469, 0.47058823529411764, 0.4791666666666667]","[1.0, 1.0, 1.0, 1.0, 1.0]","[1.0, 0.9965217391304348, 0.9833333333333333, 0.9938271604938272, 0.9982608695652173]"
[],"[0.45555555555555555, 0.4322751322751323, 0.43555555555555553, 0.430416068866571, 0.45342312008978675]","[0.48936170212765956, 0.4791666666666667, 0.4897959183673469, 0.47058823529411764, 0.4791666666666667]","[0.0, 0.0, 0.0, 0.0, 0.0]","[1.0, 1.0, 1.0, 1.0, 1.0]","[0.48936170212765956, 0.4791666666666667, 0.4897959183673469, 0.47058823529411764, 0.4791666666666667]","[1.0, 1.0, 1.0, 1.0, 1.0]","[1.0, 0.9965217391304348, 0.9833333333333333, 0.9938271604938272, 0.9982608695652173]"
[],"[0.45555555555555555, 0.4322751322751323, 0.43555555555555553, 0.430416068866571, 0.45342312008978675]","[0.48936170212765956, 0.4791666666666667, 0.4897959183673469, 0.47058823529411764, 0.4791666666666667]","[0.0, 0.0, 0.0, 0.0, 0.0]","[1.0, 1.0, 1.0, 1.0, 1.0]","[0.48936170212765956, 0.4791666666666667, 0.4897959183673469, 0.47058823529411764, 0.4791666666666667]","[1.0, 1.0, 1.0, 1.0, 1.0]","[1.0, 0.9965217391304348, 0.9833333333333333, 0.9938271604938272, 0.9982608695652173]"
[],"[0.45555555555555555, 0.4322751322751323, 0.43555555555555553, 0.430416068866571, 0.45342312008978675]","[0.48936170212765956, 0.4791666666666667, 0.4897959183673469, 0.47058823529411764, 0.4791666666666667]","[0.0, 0.0, 0.0, 0.0, 0.0]","[1.0, 1.0, 1.0, 1.0, 1.0]","[0.48936170212765956, 0.4791666666666667, 0.4897959183673469, 0.47058823529411764, 0.4791666666666667]","[1.0, 1.0, 1.0, 1.0, 1.0]","[1.0, 0.9965217391304348, 0.9833333333333333, 0.9938271604938272, 0.9982608695652173]"
[],"[0.45555555555555555, 0.4322751322751323, 0.43555555555555553, 0.430416068866571, 0.45342312008978675]","[0.48936170212765956, 0.4791666666666667, 0.4897959183673469, 0.47058823529411764, 0.4791666666666667]","[0.0, 0.0, 0.0, 0.0, 0.0]","[1.0, 1.0, 1.0, 1.0, 1.0]","[0.48936170212765956, 0.4791666666666667, 0.4897959183673469, 0.47058823529411764, 0.4791666666666667]","[1.0, 1.0, 1.0, 1.0, 1.0]","[1.0, 0.9965217391304348, 0.9833333333333333, 0.9938271604938272, 0.9982608695652173]"
[],"[0.45555555555555555, 0.4322751322751323, 0.43555555555555553, 0.430416068866571, 0.45342312008978675]","[0.48936170212765956, 0.4791666666666667, 0.4897959183673469, 0.47058823529411764, 0.4791666666666667]","[0.0, 0.0, 0.0, 0.0, 0.0]","[1.0, 1.0, 1.0, 1.0, 1.0]","[0.48936170212765956, 0.4791666666666667, 0.4897959183673469, 0.47058823529411764, 0.4791666666666667]","[1.0, 1.0, 1.0, 1.0, 1.0]","[1.0, 0.9965217391304348, 0.9833333333333333, 0.9938271604938272, 0.9982608695652173]"
[],"[0.45555555555555555, 0.4322751322751323, 0.43555555555555553, 0.430416068866571, 0.45342312008978675]","[0.48936170212765956, 0.4791666666666667, 0.4897959183673469, 0.47058823529411764, 0.4791666666666667]","[0.0, 0.0, 0.0, 0.0, 0.0]","[1.0, 1.0, 1.0, 1.0, 1.0]","[0.48936170212765956, 0.4791666666666667, 0.4897959183673469, 0.47058823529411764, 0.4791666666666667]","[1.0, 1.0, 1.0, 1.0, 1.0]","[1.0, 0.9965217391304348, 0.9833333333333333, 0.9938271604938272, 0.9982608695652173]"
[],"[0.45555555555555555, 0.4322751322751323, 0.43555555555555553, 0.430416068866571, 0.45342312008978675]","[0.48936170212765956, 0.4791666666666667, 0.4897959183673469, 0.47058823529411764, 0.4791666666666667]","[0.0, 0.0, 0.0, 0.0, 0.0]","[1.0, 1.0, 1.0, 1.0, 1.0]","[0.48936170212765956, 0.4791666666666667, 0.4897959183673469, 0.47058823529411764, 0.4791666666666667]","[1.0, 1.0, 1.0, 1.0, 1.0]","[1.0, 0.9965217391304348, 0.9833333333333333, 0.9938271604938272, 0.9982608695652173]"
[],"[0.45555555555555555, 0.4322751322751323, 0.43555555555555553, 0.430416068866571, 0.45342312008978675]","[0.48936170212765956, 0.4791666666666667, 0.4897959183673469, 0.47058823529411764, 0.4791666666666667]","[0.0, 0.0, 0.0, 0.0, 0.0]","[1.0, 1.0, 1.0, 1.0, 1.0]","[0.48936170212765956, 0.4791666666666667, 0.4897959183673469, 0.47058823529411764, 0.4791666666666667]","[1.0, 1.0, 1.0, 1.0, 1.0]","[1.0, 0.9965217391304348, 0.9833333333333333, 0.9938271604938272, 0.9982608695652173]"
[],"[0.45555555555555555, 0.4322751322751323, 0.43555555555555553, 0.430416068866571, 0.45342312008978675]","[0.48936170212765956, 0.4791666666666667, 0.4897959183673469, 0.47058823529411764, 0.4791666666666667]","[0.0, 0.0, 0.0, 0.0, 0.0]","[1.0, 1.0, 1.0, 1.0, 1.0]","[0.48936170212765956, 0.4791666666666667, 0.4897959183673469, 0.47058823529411764, 0.4791666666666667]","[1.0, 1.0, 1.0, 1.0, 1.0]","[1.0, 0.9965217391304348, 0.9833333333333333, 0.9938271604938272, 0.9982608695652173]"
[],"[0.45555555555555555, 0.4322751322751323, 0.43555555555555553, 0.430416068866571, 0.45342312008978675]","[0.48936170212765956, 0.4791666666666667, 0.4897959183673469, 0.47058823529411764, 0.4791666666666667]","[0.0, 0.0, 0.0, 0.0, 0.0]","[1.0, 1.0, 1.0, 1.0, 1.0]","[0.48936170212765956, 0.4791666666666667, 0.4897959183673469, 0.47058823529411764, 0.4791666666666667]","[1.0, 1.0, 1.0, 1.0, 1.0]","[1.0, 0.9965217391304348, 0.9833333333333333, 0.9938271604938272, 0.9982608695652173]"
[],"[0.45555555555555555, 0.4322751322751323, 0.43555555555555553, 0.430416068866571, 0.45342312008978675]","[0.48936170212765956, 0.4791666666666667, 0.4897959183673469, 0.47058823529411764, 0.4791666666666667]","[0.0, 0.0, 0.0, 0.0, 0.0]","[1.0, 1.0, 1.0, 1.0, 1.0]","[0.48936170212765956, 0.4791666666666667, 0.4897959183673469, 0.47058823529411764, 0.4791666666666667]","[1.0, 1.0, 1.0, 1.0, 1.0]","[1.0, 0.9965217391304348, 0.9833333333333333, 0.9938271604938272, 0.9982608695652173]"
[],"[0.45555555555555555, 0.4322751322751323, 0.43555555555555553, 0.430416068866571, 0.45342312008978675]","[0.48936170212765956, 0.4791666666666667, 0.4897959183673469, 0.47058823529411764, 0.4791666666666667]","[0.0, 0.0, 0.0, 0.0, 0.0]","[1.0, 1.0, 1.0, 1.0, 1.0]","[0.48936170212765956, 0.4791666666666667, 0.4897959183673469, 0.47058823529411764, 0.4791666666666667]","[1.0, 1.0, 1.0, 1.0, 1.0]","[1.0, 0.9965217391304348, 0.9833333333333333, 0.9938271604938272, 0.9982608695652173]"
[],"[0.45555555555555555, 0.4322751322751323, 0.43555555555555553, 0.430416068866571, 0.45342312008978675]","[0.48936170212765956, 0.4791666666666667, 0.4897959183673469, 0.47058823529411764, 0.4791666666666667]","[0.0, 0.0, 0.0, 0.0, 0.0]","[1.0, 1.0, 1.0, 1.0, 1.0]","[0.48936170212765956, 0.4791666666666667, 0.4897959183673469, 0.47058823529411764, 0.4791666666666667]","[1.0, 1.0, 1.0, 1.0, 1.0]","[1.0, 0.9965217391304348, 0.9833333333333333, 0.9938271604938272, 0.9982608695652173]"
[],"[0.45555555555555555, 0.4322751322751323, 0.43555555555555553, 0.430416068866571, 0.45342312008978675]","[0.48936170212765956, 0.4791666666666667, 0.4897959183673469, 0.47058823529411764, 0.4791666666666667]","[0.0, 0.0, 0.0, 0.0, 0.0]","[1.0, 1.0, 1.0, 1.0, 1.0]","[0.48936170212765956, 0.4791666666666667, 0.4897959183673469, 0.47058823529411764, 0.4791666666666667]","[1.0, 1.0, 1.0, 1.0, 1.0]","[1.0, 0.9965217391304348, 0.9833333333333333, 0.9938271604938272, 0.9982608695652173]"
[],"[0.45555555555555555, 0.4322751322751323, 0.43555555555555553, 0.4591036414565826, 0.45342312008978675]","[0.48936170212765956, 0.4791666666666667, 0.4897959183673469, 0.49019607843137253, 0.4791666666666667]","[0.0, 0.0, 0.0, 0.037037037037037035, 0.0]","[1.0, 1.0, 1.0, 1.0, 1.0]","[0.48936170212765956, 0.4791666666666667, 0.4897959183673469, 0.49019607843137253, 0.4791666666666667]","[1.0, 1.0, 1.0, 1.0, 1.0]","[1.0, 0.9965217391304348, 0.9833333333333333, 0.9938271604938272, 0.9982608695652173]"
[],"[0.45555555555555555, 0.4322751322751323, 0.43555555555555553, 0.48840125391849537, 0.45342312008978675]","[0.48936170212765956, 0.4791666666666667, 0.4897959183673469, 0.5098039215686274, 0.4791666666666667]","[0.0, 0.0, 0.0, 0.07407407407407407, 0.0]","[1.0, 1.0, 1.0, 1.0, 1.0]","[0.48936170212765956, 0.4791666666666667, 0.4897959183673469, 0.5098039215686274, 0.4791666666666667]","[1.0, 1.0, 1.0, 1.0, 1.0]","[1.0, 0.9965217391304348, 0.9833333333333333, 0.9938271604938272, 0.9982608695652173]"
[],"[0.45555555555555555, 0.4637362637362637, 0.43555555555555553, 0.48840125391849537, 0.45342312008978675]","[0.48936170212765956, 0.5, 0.4897959183673469, 0.5098039215686274, 0.4791666666666667]","[0.0, 0.04, 0.0, 0.07407407407407407, 0.0]","[1.0, 1.0, 1.0, 1.0, 1.0]","[0.48936170212765956, 0.5, 0.4897959183673469, 0.5098039215686274, 0.4791666666666667]","[1.0, 1.0, 1.0, 1.0, 1.0]","[1.0, 0.9965217391304348, 0.9833333333333333, 0.9938271604938272, 0.9982608695652173]"
[],"[0.48649572649572653, 0.4637362637362637, 0.43555555555555553, 0.48840125391849537, 0.45342312008978675]","[0.5106382978723404, 0.5, 0.4897959183673469, 0.5098039215686274, 0.4791666666666667]","[0.041666666666666664, 0.04, 0.0, 0.07407407407407407, 0.0]","[1.0, 1.0, 1.0, 1.0, 1.0]","[0.5106382978723404, 0.5, 0.4897959183673469, 0.5098039215686274, 0.4791666666666667]","[1.0, 1.0, 1.0, 1.0, 1.0]","[1.0, 0.9965217391304348, 0.9833333333333333, 0.9938271604938272, 0.9982608695652173]"
[],"[0.48649572649572653, 0.4637362637362637, 0.43555555555555553, 0.5166666666666666, 0.45342312008978675]","[0.5106382978723404, 0.5, 0.4897959183673469, 0.5294117647058824, 0.4791666666666667]","[0.041666666666666664, 0.04, 0.0, 0.1111111111111111, 0.0]","[1.0, 1.0, 1.0, 1.0, 1.0]","[0.5106382978723404, 0.5, 0.4897959183673469, 0.5294117647058824, 0.4791666666666667]","[1.0, 1.0, 1.0, 1.0, 1.0]","[1.0, 0.9965217391304348, 0.9833333333333333, 0.9938271604938272, 0.9982608695652173]"
[],"[0.48649572649572653, 0.4936404191306152, 0.43555555555555553, 0.5166666666666666, 0.45342312008978675]","[0.5106382978723404, 0.5208333333333334, 0.4897959183673469, 0.5294117647058824, 0.4791666666666667]","[0.041666666666666664, 0.08, 0.0, 0.1111111111111111, 0.0]","[1.0, 1.0, 1.0, 1.0, 1.0]","[0.5106382978723404, 0.5208333333333334, 0.4897959183673469, 0.5294117647058824, 0.4791666666666667]","[1.0, 1.0, 1.0, 1.0, 1.0]","[1.0, 0.9965217391304348, 0.9833333333333333, 0.9938271604938272, 0.9982608695652173]"
[],"[0.5483632452779458, 0.5222222222222223, 0.43555555555555553, 0.5411497105045492, 0.45342312008978675]","[0.5531914893617021, 0.5416666666666666, 0.4897959183673469, 0.5490196078431373, 0.4791666666666667]","[0.125, 0.12, 0.0, 0.14814814814814814, 0.0]","[1.0, 1.0, 1.0, 1.0, 1.0]","[0.5531914893617021, 0.5416666666666666, 0.4897959183673469, 0.5490196078431373, 0.4791666666666667]","[1.0, 1.0, 1.0, 1.0, 1.0]","[1.0, 0.9965217391304348, 0.9833333333333333, 0.9938271604938272, 0.9982608695652173]"
[],"[0.5742688501309191, 0.5757575757575758, 0.46592471358428805, 0.5411497105045492, 0.45342312008978675]","[0.574468085106383, 0.5833333333333334, 0.5102040816326531, 0.5490196078431373, 0.4791666666666667]","[0.16666666666666666, 0.2, 0.04, 0.14814814814814814, 0.0]","[1.0, 1.0, 1.0, 1.0, 1.0]","[0.574468085106383, 0.5833333333333334, 0.5102040816326531, 0.5490196078431373, 0.4791666666666667]","[1.0, 1.0, 1.0, 1.0, 1.0]","[1.0, 0.9965217391304348, 0.9833333333333333, 0.9938271604938272, 0.9982608695652173]"
[],"[0.5742688501309191, 0.6012544802867383, 0.551213282247765, 0.5411497105045492, 0.48951048951048953]","[0.574468085106383, 0.6041666666666666, 0.5714285714285714, 0.5490196078431373, 0.5]","[0.16666666666666666, 0.24, 0.16, 0.14814814814814814, 0.04]","[1.0, 1.0, 1.0, 1.0, 1.0]","[0.574468085106383, 0.6041666666666666, 0.5714285714285714, 0.5490196078431373, 0.5]","[1.0, 1.0, 1.0, 1.0, 1.0]","[1.0, 0.9965217391304348, 0.9833333333333333, 0.9938271604938272, 0.9982608695652173]"
[],"[0.598978288633461, 0.6723039215686274, 0.5757575757575758, 0.5898029531306271, 0.48951048951048953]","[0.5957446808510638, 0.6666666666666666, 0.5918367346938775, 0.5882352941176471, 0.5]","[0.20833333333333334, 0.36, 0.2, 0.2222222222222222, 0.04]","[1.0, 1.0, 1.0, 1.0, 1.0]","[0.5957446808510638, 0.6666666666666666, 0.5918367346938775, 0.5882352941176471, 0.5]","[1.0, 1.0, 1.0, 1.0, 1.0]","[1.0, 0.9965217391304348, 0.9833333333333333, 0.9938271604938272, 0.9982608695652173]"
[],"[0.598978288633461, 0.6723039215686274, 0.6033405584597731, 0.6144478844169247, 0.5691272562592999]","[0.5957446808510638, 0.6666666666666666, 0.6122448979591837, 0.6078431372549019, 0.5625]","[0.20833333333333334, 0.36, 0.24, 0.25925925925925924, 0.16]","[1.0, 1.0, 1.0, 1.0, 1.0]","[0.5957446808510638, 0.6666666666666666, 0.6122448979591837, 0.6078431372549019, 0.5625]","[1.0, 1.0, 1.0, 1.0, 1.0]","[1.0, 0.9965217391304348, 0.9833333333333333, 0.9938271604938272, 0.9982608695652173]"
[],"[0.598978288633461, 0.7148148148148149, 0.65210241954428, 0.682110682110682, 0.6223655913978495]","[0.5957446808510638, 0.7083333333333334, 0.6530612244897959, 0.6666666666666666, 0.6041666666666666]","[0.20833333333333334, 0.44, 0.32, 0.37037037037037035, 0.24]","[1.0, 1.0, 1.0, 1.0, 1.0]","[0.5957446808510638, 0.7083333333333334, 0.6530612244897959, 0.6666666666666666, 0.6041666666666666]","[1.0, 1.0, 1.0, 1.0, 1.0]","[1.0, 0.9965217391304348, 0.9833333333333333, 0.9938271604938272, 0.9982608695652173]"
[],"[0.6454666404937949, 0.7566416040100251, 0.678500857707424, 0.682110682110682, 0.6223655913978495]","[0.6382978723404256, 0.75, 0.673469387755102, 0.6666666666666666, 0.6041666666666666]","[0.2916666666666667, 0.52, 0.36, 0.37037037037037035, 0.24]","[1.0, 1.0, 1.0, 1.0, 1.0]","[0.6382978723404256, 0.75, 0.673469387755102, 0.6666666666666666, 0.6041666666666666]","[1.0, 1.0, 1.0, 1.0, 1.0]","[1.0, 0.9965217391304348, 0.9833333333333333, 0.9938271604938272, 0.9982608695652173]"
[],"[0.7139355742296919, 0.8174818256119069, 0.7689345314505776, 0.7376750700280112, 0.6513888888888889]","[0.7021276595744681, 0.8125, 0.7551020408163265, 0.7254901960784313, 0.625]","[0.4166666666666667, 0.64, 0.52, 0.48148148148148145, 0.28]","[1.0, 1.0, 1.0, 1.0, 1.0]","[0.7021276595744681, 0.8125, 0.7551020408163265, 0.7254901960784313, 0.625]","[1.0, 1.0, 1.0, 1.0, 1.0]","[1.0, 0.9965217391304348, 0.9833333333333333, 0.9938271604938272, 0.9982608695652173]"
[],"[0.7341013824884793, 0.8775084175084175, 0.8042060278902383, 0.7768157768157767, 0.7004393730736442]","[0.723404255319149, 0.875, 0.7959183673469388, 0.7647058823529411, 0.6666666666666666]","[0.4583333333333333, 0.76, 0.6, 0.5555555555555556, 0.36]","[1.0, 1.0, 1.0, 1.0, 1.0]","[0.723404255319149, 0.875, 0.7959183673469388, 0.7647058823529411, 0.6666666666666666]","[1.0, 1.0, 1.0, 1.0, 1.0]","[1.0, 0.9965217391304348, 0.9833333333333333, 0.9938271604938272, 0.9982608695652173]"
[],"[0.753968253968254, 0.8775084175084175, 0.829963171426586, 0.7768157768157767, 0.7004393730736442]","[0.7446808510638298, 0.875, 0.8163265306122449, 0.7647058823529411, 0.6666666666666666]","[0.5, 0.76, 0.64, 0.5555555555555556, 0.36]","[1.0, 1.0, 1.0, 1.0, 1.0]","[0.7446808510638298, 0.875, 0.8163265306122449, 0.7647058823529411, 0.6666666666666666]","[1.0, 1.0, 1.0, 1.0, 1.0]","[1.0, 0.9965217391304348, 0.9833333333333333, 0.9938271604938272, 0.9982608695652173]"
[],"[0.753968253968254, 0.8973219373219372, 0.8973544973544972, 0.8324234904880067, 0.719843085975809]","[0.7446808510638298, 0.8958333333333334, 0.8979591836734694, 0.8235294117647058, 0.6875]","[0.5, 0.8, 0.8, 0.6666666666666666, 0.4]","[1.0, 1.0, 1.0, 1.0, 1.0]","[0.7446808510638298, 0.8958333333333334, 0.8979591836734694, 0.8235294117647058, 0.6875]","[1.0, 1.0, 1.0, 1.0, 1.0]","[1.0, 0.9965217391304348, 0.9833333333333333, 0.9938271604938272, 0.9982608695652173]"
[],"[0.7964867468799713, 0.8973219373219372, 0.9143696125793314, 0.8497212931995541, 0.719843085975809]","[0.7872340425531915, 0.8958333333333334, 0.9183673469387755, 0.8431372549019608, 0.6875]","[0.5833333333333334, 0.8, 0.84, 0.7037037037037037, 0.4]","[1.0, 1.0, 1.0, 1.0, 1.0]","[0.7872340425531915, 0.8958333333333334, 0.9183673469387755, 0.8431372549019608, 0.6875]","[1.0, 1.0, 1.0, 1.0, 1.0]","[1.0, 0.9965217391304348, 0.9833333333333333, 0.9938271604938272, 0.9982608695652173]"
[],"[0.7964867468799713, 0.9582850241545894, 0.8971989397521312, 0.8672423199202363, 0.7387604996300648]","[0.7872340425531915, 0.9583333333333334, 0.8979591836734694, 0.8627450980392157, 0.7083333333333334]","[0.5833333333333334, 0.92, 0.84, 0.7407407407407407, 0.44]","[1.0, 1.0, 1.0, 1.0, 1.0]","[0.7872340425531915, 0.9583333333333334, 0.8979591836734694, 0.8627450980392157, 0.7083333333333334]","[1.0, 1.0, 0.9583333333333334, 1.0, 1.0]","[1.0, 0.9965217391304348, 0.9833333333333333, 0.9938271604938272, 0.9982608695652173]"
[],"[0.8154931488264822, 0.9576811594202899, 0.9223113487819371, 0.8672423199202363, 0.7387604996300648]","[0.8085106382978723, 0.9583333333333334, 0.9183673469387755, 0.8627450980392157, 0.7083333333333334]","[0.625, 0.96, 0.88, 0.7407407407407407, 0.44]","[1.0, 1.0, 1.0, 1.0, 1.0]","[0.8085106382978723, 0.9583333333333334, 0.9183673469387755, 0.8627450980392157, 0.7083333333333334]","[1.0, 0.9565217391304348, 0.9583333333333334, 1.0, 1.0]","[1.0, 0.9965217391304348, 0.9833333333333333, 0.9938271604938272, 0.9982608695652173]"
[],"[0.834567901234568, 0.9576811594202899, 0.9492888064316637, 0.9033083318797605, 0.7572790181485834]","[0.8297872340425532, 0.9583333333333334, 0.9387755102040817, 0.9019607843137255, 0.7291666666666666]","[0.6666666666666666, 0.96, 0.92, 0.8148148148148148, 0.48]","[1.0, 1.0, 1.0, 1.0, 1.0]","[0.8297872340425532, 0.9583333333333334, 0.9387755102040817, 0.9019607843137255, 0.7291666666666666]","[1.0, 0.9565217391304348, 0.9583333333333334, 1.0, 1.0]","[1.0, 0.9965217391304348, 0.9833333333333333, 0.9938271604938272, 0.9982608695652173]"
[],"[0.8538206749588864, 0.9576811594202899, 0.9492888064316637, 0.9220512820512822, 0.8012210012210014]","[0.851063829787234, 0.9583333333333334, 0.9387755102040817, 0.9215686274509803, 0.7708333333333334]","[0.7083333333333334, 0.96, 0.92, 0.8518518518518519, 0.56]","[1.0, 1.0, 1.0, 1.0, 1.0]","[0.851063829787234, 0.9583333333333334, 0.9387755102040817, 0.9215686274509803, 0.7708333333333334]","[1.0, 0.9565217391304348, 0.9583333333333334, 1.0, 1.0]","[1.0, 0.9965217391304348, 0.9833333333333333, 0.9938271604938272, 0.9982608695652173]"
[],"[0.8538206749588864, 0.9576811594202899, 0.9492888064316637, 0.9220512820512822, 0.8186274509803922]","[0.851063829787234, 0.9583333333333334, 0.9387755102040817, 0.9215686274509803, 0.7916666666666666]","[0.7083333333333334, 0.96, 0.92, 0.8518518518518519, 0.6]","[1.0, 1.0, 1.0, 1.0, 1.0]","[0.851063829787234, 0.9583333333333334, 0.9387755102040817, 0.9215686274509803, 0.7916666666666666]","[1.0, 0.9565217391304348, 0.9583333333333334, 1.0, 1.0]","[1.0, 0.9965217391304348, 0.9833333333333333, 0.9938271604938272, 0.9982608695652173]"
[],"[0.8933390755096182, 0.9576811594202899, 0.9492888064316637, 0.9414177978883861, 0.8531746031746031]","[0.8936170212765957, 0.9583333333333334, 0.9387755102040817, 0.9411764705882353, 0.8333333333333334]","[0.7916666666666666, 0.96, 0.92, 0.8888888888888888, 0.68]","[1.0, 1.0, 1.0, 1.0, 1.0]","[0.8936170212765957, 0.9583333333333334, 0.9387755102040817, 0.9411764705882353, 0.8333333333333334]","[1.0, 0.9565217391304348, 0.9583333333333334, 1.0, 1.0]","[1.0, 0.9965217391304348, 0.9833333333333333, 0.9938271604938272, 0.9982608695652173]"
[],"[0.8933390755096182, 0.9789712986643933, 0.9135568205776935, 0.9605128205128205, 0.8531746031746031]","[0.8936170212765957, 0.9791666666666666, 0.8979591836734694, 0.9607843137254902, 0.8333333333333334]","[0.7916666666666666, 1.0, 0.92, 0.9259259259259259, 0.68]","[1.0, 1.0, 1.0, 1.0, 1.0]","[0.8936170212765957, 0.9791666666666666, 0.8979591836734694, 0.9607843137254902, 0.8333333333333334]","[1.0, 0.9565217391304348, 0.875, 1.0, 1.0]","[1.0, 0.9965217391304348, 0.9833333333333333, 0.9938271604938272, 0.9982608695652173]"
[],"[0.9138730298150587, 0.9789712986643933, 0.9299145299145298, 0.980377358490566, 0.8531746031746031]","[0.9148936170212766, 0.9791666666666666, 0.9183673469387755, 0.9803921568627451, 0.8333333333333334]","[0.8333333333333334, 1.0, 0.96, 0.9629629629629629, 0.68]","[1.0, 1.0, 1.0, 1.0, 1.0]","[0.9148936170212766, 0.9791666666666666, 0.9183673469387755, 0.9803921568627451, 0.8333333333333334]","[1.0, 0.9565217391304348, 0.875, 1.0, 1.0]","[1.0, 0.9965217391304348, 0.9833333333333333, 0.9938271604938272, 0.9982608695652173]"
[],"[0.9138730298150587, 0.9789712986643933, 0.8915343915343915, 0.9598282340311326, 0.870467616904226]","[0.9148936170212766, 0.9791666666666666, 0.8775510204081632, 0.9607843137254902, 0.8541666666666666]","[0.8333333333333334, 1.0, 0.96, 0.9629629629629629, 0.72]","[1.0, 1.0, 1.0, 1.0, 1.0]","[0.9148936170212766, 0.9791666666666666, 0.8775510204081632, 0.9607843137254902, 0.8541666666666666]","[1.0, 0.9565217391304348, 0.7916666666666666, 0.9583333333333334, 1.0]","[1.0, 0.9965217391304348, 0.9833333333333333, 0.9938271604938272, 0.9982608695652173]"
[],"[0.9138730298150587, 0.956876456876457, 0.9079685746352414, 0.9598282340311326, 0.9054916985951468]","[0.9148936170212766, 0.9583333333333334, 0.8979591836734694, 0.9607843137254902, 0.8958333333333334]","[0.8333333333333334, 1.0, 1.0, 0.9629629629629629, 0.8]","[1.0, 1.0, 1.0, 1.0, 1.0]","[0.9148936170212766, 0.9583333333333334, 0.8979591836734694, 0.9607843137254902, 0.8958333333333334]","[1.0, 0.9130434782608695, 0.7916666666666666, 0.9583333333333334, 1.0]","[1.0, 0.9965217391304348, 0.9833333333333333, 0.9938271604938272, 0.9982608695652173]"
[],"[0.9138730298150587, 0.956876456876457, 0.9079685746352414, 0.9598282340311326, 0.9233954451345756]","[0.9148936170212766, 0.9583333333333334, 0.8979591836734694, 0.9607843137254902, 0.9166666666666666]","[0.8333333333333334, 1.0, 1.0, 0.9629629629629629, 0.84]","[1.0, 1.0, 1.0, 1.0, 1.0]","[0.9148936170212766, 0.9583333333333334, 0.8979591836734694, 0.9607843137254902, 0.9166666666666666]","[1.0, 0.9130434782608695, 0.7916666666666666, 0.9583333333333334, 1.0]","[1.0, 0.9965217391304348, 0.9833333333333333, 0.9938271604938272, 0.9982608695652173]"
[],"[0.9138730298150587, 0.9335130278526504, 0.8873626373626373, 0.9381818181818181, 0.9416863672182821]","[0.9148936170212766, 0.9375, 0.8775510204081632, 0.9411764705882353, 0.9375]","[0.8333333333333334, 1.0, 1.0, 0.9629629629629629, 0.88]","[1.0, 1.0, 1.0, 1.0, 1.0]","[0.9148936170212766, 0.9375, 0.8775510204081632, 0.9411764705882353, 0.9375]","[1.0, 0.8695652173913043, 0.75, 0.9166666666666666, 1.0]","[1.0, 0.9965217391304348, 0.9833333333333333, 0.9938271604938272, 0.9982608695652173]"
[],"[0.9351290684624018, 0.9335130278526504, 0.8873626373626373, 0.918109668109668, 0.9798639455782313]","[0.9361702127659575, 0.9375, 0.8775510204081632, 0.9215686274509803, 0.9791666666666666]","[0.875, 1.0, 1.0, 0.9629629629629629, 0.96]","[1.0, 1.0, 1.0, 1.0, 1.0]","[0.9361702127659575, 0.9375, 0.8775510204081632, 0.9215686274509803, 0.9791666666666666]","[1.0, 0.8695652173913043, 0.75, 0.875, 1.0]","[1.0, 0.9965217391304348, 0.9833333333333333, 0.9938271604938272, 0.9982608695652173]"
[],"[0.95728855149145, 0.9335130278526504, 0.8873626373626373, 0.9148996930106374, 0.9574603174603175]","[0.9574468085106383, 0.9375, 0.8775510204081632, 0.9215686274509803, 0.9583333333333334]","[0.9166666666666666, 1.0, 1.0, 1.0, 0.96]","[1.0, 1.0, 1.0, 1.0, 1.0]","[0.9574468085106383, 0.9375, 0.8775510204081632, 0.9215686274509803, 0.9583333333333334]","[1.0, 0.8695652173913043, 0.75, 0.8333333333333334, 0.9565217391304348]","[1.0, 0.9965217391304348, 0.9833333333333333, 0.9938271604938272, 0.9982608695652173]"
[],"[0.95728855149145, 0.9335130278526504, 0.8873626373626373, 0.8644546147978641, 0.9775910364145658]","[0.9574468085106383, 0.9375, 0.8775510204081632, 0.8823529411764706, 0.9791666666666666]","[0.9166666666666666, 1.0, 1.0, 1.0, 1.0]","[1.0, 1.0, 1.0, 1.0, 1.0]","[0.9574468085106383, 0.9375, 0.8775510204081632, 0.8823529411764706, 0.9791666666666666]","[1.0, 0.8695652173913043, 0.75, 0.75, 0.9565217391304348]","[1.0, 0.9965217391304348, 0.9833333333333333, 0.9938271604938272, 0.9982608695652173]"
[],"[1.0, 0.9086419753086421, 0.8873626373626373, 0.8052415917278553, 0.9349560292956519]","[1.0, 0.9166666666666666, 0.8775510204081632, 0.8431372549019608, 0.9375]","[1.0, 1.0, 1.0, 1.0, 1.0]","[1.0, 1.0, 1.0, 1.0, 1.0]","[1.0, 0.9166666666666666, 0.8775510204081632, 0.8431372549019608, 0.9375]","[1.0, 0.8260869565217391, 0.75, 0.6666666666666666, 0.8695652173913043]","[1.0, 0.9965217391304348, 0.9833333333333333, 0.9938271604938272, 0.9982608695652173]"
[],"[1.0, 0.9086419753086421, 0.8873626373626373, 0.7132867132867133, 0.886762360446571]","[1.0, 0.9166666666666666, 0.8775510204081632, 0.7843137254901961, 0.8958333333333334]","[1.0, 1.0, 1.0, 1.0, 1.0]","[1.0, 1.0, 1.0, 1.0, 1.0]","[1.0, 0.9166666666666666, 0.8775510204081632, 0.7843137254901961, 0.8958333333333334]","[1.0, 0.8260869565217391, 0.75, 0.5416666666666666, 0.782608695652174]","[1.0, 0.9965217391304348, 0.9833333333333333, 0.9938271604938272, 0.9982608695652173]"
[],"[0.9756534192624419, 0.8819776714513557, 0.8873626373626373, 0.6017022193492781, 0.8599086099086098]","[0.9787234042553191, 0.8958333333333334, 0.8775510204081632, 0.7254901960784313, 0.875]","[1.0, 1.0, 1.0, 1.0, 1.0]","[1.0, 1.0, 1.0, 1.0, 1.0]","[0.9787234042553191, 0.8958333333333334, 0.8775510204081632, 0.7254901960784313, 0.875]","[0.9565217391304348, 0.782608695652174, 0.75, 0.4166666666666667, 0.7391304347826086]","[1.0, 0.9965217391304348, 0.9833333333333333, 0.9938271604938272, 0.9982608695652173]"
[],"[0.9756534192624419, 0.8531746031746031, 0.8599190283400809, 0.6017022193492781, 0.8599086099086098]","[0.9787234042553191, 0.875, 0.8571428571428571, 0.7254901960784313, 0.875]","[1.0, 1.0, 1.0, 1.0, 1.0]","[1.0, 1.0, 1.0, 1.0, 1.0]","[0.9787234042553191, 0.875, 0.8571428571428571, 0.7254901960784313, 0.875]","[0.9565217391304348, 0.7391304347826086, 0.7083333333333334, 0.4166666666666667, 0.7391304347826086]","[1.0, 0.9965217391304348, 0.9833333333333333, 0.9938271604938272, 0.9982608695652173]"
[],"[0.9756534192624419, 0.8218094255245959, 0.8599190283400809, 0.5788182831661093, 0.8373712057922584]","[0.9787234042553191, 0.8541666666666666, 0.8571428571428571, 0.7058823529411765, 0.8541666666666666]","[1.0, 1.0, 1.0, 1.0, 1.0]","[1.0, 1.0, 1.0, 1.0, 1.0]","[0.9787234042553191, 0.8541666666666666, 0.8571428571428571, 0.7058823529411765, 0.8541666666666666]","[0.9565217391304348, 0.6956521739130435, 0.7083333333333334, 0.375, 0.6956521739130435]","[1.0, 0.9965217391304348, 0.9833333333333333, 0.9938271604938272, 0.9982608695652173]"
[],"[0.9496296296296296, 0.7666128598331987, 0.8384674329501914, 0.5788182831661093, 0.8132822477650065]","[0.9574468085106383, 0.8125, 0.8367346938775511, 0.7058823529411765, 0.8333333333333334]","[1.0, 1.0, 1.0, 1.0, 1.0]","[1.0, 1.0, 1.0, 1.0, 1.0]","[0.9574468085106383, 0.8125, 0.8367346938775511, 0.7058823529411765, 0.8333333333333334]","[0.9130434782608695, 0.6086956521739131, 0.6666666666666666, 0.375, 0.6521739130434783]","[1.0, 0.9965217391304348, 0.9833333333333333, 0.9938271604938272, 0.9982608695652173]"
[],"[0.8880381612128946, 0.7666128598331987, 0.8384674329501914, 0.5788182831661093, 0.7527777777777779]","[0.8936170212765957, 0.8125, 0.8367346938775511, 0.7058823529411765, 0.7916666666666666]","[1.0, 1.0, 1.0, 1.0, 1.0]","[1.0, 1.0, 1.0, 1.0, 1.0]","[0.8936170212765957, 0.8125, 0.8367346938775511, 0.7058823529411765, 0.7916666666666666]","[0.782608695652174, 0.6086956521739131, 0.6666666666666666, 0.375, 0.5652173913043478]","[1.0, 0.9965217391304348, 0.9833333333333333, 0.9938271604938272, 0.9982608695652173]"
[],"[0.8381461675579324, 0.7065573770491803, 0.8384674329501914, 0.5540389435126277, 0.7271714121368996]","[0.851063829787234, 0.7708333333333334, 0.8367346938775511, 0.6862745098039216, 0.7708333333333334]","[1.0, 1.0, 1.0, 1.0, 1.0]","[1.0, 1.0, 1.0, 1.0, 1.0]","[0.851063829787234, 0.7708333333333334, 0.8367346938775511, 0.6862745098039216, 0.7708333333333334]","[0.6956521739130435, 0.5217391304347826, 0.6666666666666666, 0.3333333333333333, 0.5217391304347826]","[1.0, 0.9965217391304348, 0.9833333333333333, 0.9938271604938272, 0.9982608695652173]"
[],"[0.8381461675579324, 0.6640552995391705, 0.8158192090395481, 0.47222222222222215, 0.6922090171665723]","[0.851063829787234, 0.75, 0.8163265306122449, 0.6470588235294118, 0.75]","[1.0, 1.0, 1.0, 1.0, 1.0]","[1.0, 1.0, 1.0, 1.0, 1.0]","[0.851063829787234, 0.75, 0.8163265306122449, 0.6470588235294118, 0.75]","[0.6956521739130435, 0.4782608695652174, 0.625, 0.25, 0.4782608695652174]","[1.0, 0.9965217391304348, 0.9833333333333333, 0.9938271604938272, 0.9982608695652173]"
[],"[0.8141923436041084, 0.5604166666666667, 0.8158192090395481, 0.47222222222222215, 0.6922090171665723]","[0.8297872340425532, 0.7083333333333334, 0.8163265306122449, 0.6470588235294118, 0.75]","[1.0, 1.0, 1.0, 1.0, 1.0]","[1.0, 1.0, 1.0, 1.0, 1.0]","[0.8297872340425532, 0.7083333333333334, 0.8163265306122449, 0.6470588235294118, 0.75]","[0.6521739130434783, 0.391304347826087, 0.625, 0.25, 0.4782608695652174]","[1.0, 0.9965217391304348, 0.9833333333333333, 0.9938271604938272, 0.9982608695652173]"
[],"[0.7608981886765595, 0.5371120107962213, 0.7917874396135266, 0.47222222222222215, 0.6085948043184884]","[0.7872340425531915, 0.6875, 0.7959183673469388, 0.6470588235294118, 0.7083333333333334]","[1.0, 1.0, 1.0, 1.0, 1.0]","[1.0, 1.0, 1.0, 1.0, 1.0]","[0.7872340425531915, 0.6875, 0.7959183673469388, 0.6470588235294118, 0.7083333333333334]","[0.5652173913043478, 0.34782608695652173, 0.5833333333333334, 0.25, 0.391304347826087]","[1.0, 0.9965217391304348, 0.9833333333333333, 0.9938271604938272, 0.9982608695652173]"
[],"[0.7018518518518518, 0.5371120107962213, 0.76615333664514, 0.47222222222222215, 0.6085948043184884]","[0.7446808510638298, 0.6875, 0.7755102040816326, 0.6470588235294118, 0.7083333333333334]","[1.0, 1.0, 1.0, 1.0, 1.0]","[1.0, 1.0, 1.0, 1.0, 1.0]","[0.7446808510638298, 0.6875, 0.7755102040816326, 0.6470588235294118, 0.7083333333333334]","[0.4782608695652174, 0.34782608695652173, 0.5416666666666666, 0.25, 0.391304347826087]","[1.0, 0.9965217391304348, 0.9833333333333333, 0.9938271604938272, 0.9982608695652173]"
[],"[0.7018518518518518, 0.5371120107962213, 0.6755570818070818, 0.44265377383830246, 0.5575798470535313]","[0.7446808510638298, 0.6875, 0.7142857142857143, 0.6274509803921569, 0.6875]","[1.0, 1.0, 1.0, 1.0, 1.0]","[1.0, 1.0, 1.0, 1.0, 1.0]","[0.7446808510638298, 0.6875, 0.7142857142857143, 0.6274509803921569, 0.6875]","[0.4782608695652174, 0.34782608695652173, 0.4166666666666667, 0.20833333333333334, 0.34782608695652173]","[1.0, 0.9965217391304348, 0.9833333333333333, 0.9938271604938272, 0.9982608695652173]"
[],"[0.6371494834492936, 0.5371120107962213, 0.5639077340569877, 0.44265377383830246, 0.5303030303030303]","[0.7021276595744681, 0.6875, 0.6530612244897959, 0.6274509803921569, 0.6666666666666666]","[1.0, 1.0, 1.0, 1.0, 1.0]","[1.0, 1.0, 1.0, 1.0, 1.0]","[0.7021276595744681, 0.6875, 0.6530612244897959, 0.6274509803921569, 0.6666666666666666]","[0.391304347826087, 0.34782608695652173, 0.2916666666666667, 0.20833333333333334, 0.30434782608695654]","[1.0, 0.9965217391304348, 0.9833333333333333, 0.9938271604938272, 0.9982608695652173]"
[],"[0.6011904761904762, 0.5117845117845118, 0.49743814961206273, 0.44265377383830246, 0.5303030303030303]","[0.6808510638297872, 0.6666666666666666, 0.6122448979591837, 0.6274509803921569, 0.6666666666666666]","[1.0, 1.0, 1.0, 1.0, 1.0]","[1.0, 1.0, 1.0, 1.0, 1.0]","[0.6808510638297872, 0.6666666666666666, 0.6122448979591837, 0.6274509803921569, 0.6666666666666666]","[0.34782608695652173, 0.30434782608695654, 0.20833333333333334, 0.20833333333333334, 0.30434782608695654]","[1.0, 0.9965217391304348, 0.9833333333333333, 0.9938271604938272, 0.9982608695652173]"
[],"[0.4805194805194805, 0.5117845117845118, 0.49743814961206273, 0.44265377383830246, 0.44117647058823534]","[0.6170212765957447, 0.6666666666666666, 0.6122448979591837, 0.6274509803921569, 0.625]","[1.0, 1.0, 1.0, 1.0, 1.0]","[1.0, 1.0, 1.0, 1.0, 1.0]","[0.6170212765957447, 0.6666666666666666, 0.6122448979591837, 0.6274509803921569, 0.625]","[0.21739130434782608, 0.30434782608695654, 0.20833333333333334, 0.20833333333333334, 0.21739130434782608]","[1.0, 0.9965217391304348, 0.9833333333333333, 0.9938271604938272, 0.9982608695652173]"
[],"[0.44027117161445517, 0.4534313725490196, 0.49743814961206273, 0.37333333333333335, 0.40821256038647347]","[0.5957446808510638, 0.625, 0.6122448979591837, 0.5882352941176471, 0.6041666666666666]","[1.0, 1.0, 1.0, 1.0, 1.0]","[1.0, 1.0, 1.0, 1.0, 1.0]","[0.5957446808510638, 0.625, 0.6122448979591837, 0.5882352941176471, 0.6041666666666666]","[0.17391304347826086, 0.21739130434782608, 0.20833333333333334, 0.125, 0.17391304347826086]","[1.0, 0.9965217391304348, 0.9833333333333333, 0.9938271604938272, 0.9982608695652173]"
[],"[0.39402427637721754, 0.4534313725490196, 0.45912910618792974, 0.33208020050125314, 0.37142857142857144]","[0.574468085106383, 0.625, 0.5918367346938775, 0.5686274509803921, 0.5833333333333334]","[1.0, 1.0, 1.0, 1.0, 1.0]","[1.0, 1.0, 1.0, 1.0, 1.0]","[0.574468085106383, 0.625, 0.5918367346938775, 0.5686274509803921, 0.5833333333333334]","[0.13043478260869565, 0.21739130434782608, 0.16666666666666666, 0.08333333333333333, 0.13043478260869565]","[1.0, 0.9965217391304348, 0.9833333333333333, 0.9938271604938272, 0.9982608695652173]"
[],"[0.3401091661961227, 0.4534313725490196, 0.36481481481481487, 0.28504828504828505, 0.37142857142857144]","[0.5531914893617021, 0.625, 0.5510204081632653, 0.5490196078431373, 0.5833333333333334]","[1.0, 1.0, 1.0, 1.0, 1.0]","[1.0, 1.0, 1.0, 1.0, 1.0]","[0.5531914893617021, 0.625, 0.5510204081632653, 0.5490196078431373, 0.5833333333333334]","[0.08695652173913043, 0.21739130434782608, 0.08333333333333333, 0.041666666666666664, 0.13043478260869565]","[1.0, 0.9965217391304348, 0.9833333333333333, 0.9938271604938272, 0.9982608695652173]"
[],"[0.3401091661961227, 0.3373058866016612, 0.3023845763571791, 0.28504828504828505, 0.37142857142857144]","[0.5531914893617021, 0.5625, 0.5306122448979592, 0.5490196078431373, 0.5833333333333334]","[1.0, 1.0, 1.0, 1.0, 1.0]","[1.0, 1.0, 1.0, 1.0, 1.0]","[0.5531914893617021, 0.5625, 0.5306122448979592, 0.5490196078431373, 0.5833333333333334]","[0.08695652173913043, 0.08695652173913043, 0.041666666666666664, 0.041666666666666664, 0.13043478260869565]","[1.0, 0.9965217391304348, 0.9833333333333333, 0.9938271604938272, 0.9982608695652173]"
[],"[0.22535211267605634, 0.3373058866016612, 0.3023845763571791, 0.28504828504828505, 0.3299798792756539]","[0.5106382978723404, 0.5625, 0.5306122448979592, 0.5490196078431373, 0.5625]","[1.0, 1.0, 1.0, 1.0, 1.0]","[1, 1.0, 1.0, 1.0, 1.0]","[0.5106382978723404, 0.5625, 0.5306122448979592, 0.5490196078431373, 0.5625]","[0.0, 0.08695652173913043, 0.041666666666666664, 0.041666666666666664, 0.08695652173913043]","[1.0, 0.9965217391304348, 0.9833333333333333, 0.9938271604938272, 0.9982608695652173]"
[],"[0.22535211267605634, 0.3373058866016612, 0.3023845763571791, 0.28504828504828505, 0.3299798792756539]","[0.5106382978723404, 0.5625, 0.5306122448979592, 0.5490196078431373, 0.5625]","[1.0, 1.0, 1.0, 1.0, 1.0]","[1, 1.0, 1.0, 1.0, 1.0]","[0.5106382978723404, 0.5625, 0.5306122448979592, 0.5490196078431373, 0.5625]","[0.0, 0.08695652173913043, 0.041666666666666664, 0.041666666666666664, 0.08695652173913043]","[1.0, 0.9965217391304348, 0.9833333333333333, 0.9938271604938272, 0.9982608695652173]"
[],"[0.22535211267605634, 0.28703703703703703, 0.3023845763571791, 0.28504828504828505, 0.2827635327635328]","[0.5106382978723404, 0.5416666666666666, 0.5306122448979592, 0.5490196078431373, 0.5416666666666666]","[1.0, 1.0, 1.0, 1.0, 1.0]","[1, 1.0, 1.0, 1.0, 1.0]","[0.5106382978723404, 0.5416666666666666, 0.5306122448979592, 0.5490196078431373, 0.5416666666666666]","[0.0, 0.043478260869565216, 0.041666666666666664, 0.041666666666666664, 0.043478260869565216]","[1.0, 0.9965217391304348, 0.9833333333333333, 0.9938271604938272, 0.9982608695652173]"
[],"[0.22535211267605634, 0.28703703703703703, 0.3023845763571791, 0.28504828504828505, 0.228310502283105]","[0.5106382978723404, 0.5416666666666666, 0.5306122448979592, 0.5490196078431373, 0.5208333333333334]","[1.0, 1.0, 1.0, 1.0, 1.0]","[1, 1.0, 1.0, 1.0, 1]","[0.5106382978723404, 0.5416666666666666, 0.5306122448979592, 0.5490196078431373, 0.5208333333333334]","[0.0, 0.043478260869565216, 0.041666666666666664, 0.041666666666666664, 0.0]","[1.0, 0.9965217391304348, 0.9833333333333333, 0.9938271604938272, 0.9982608695652173]"
[],"[0.22535211267605634, 0.28703703703703703, 0.22522522522522523, 0.23076923076923075, 0.228310502283105]","[0.5106382978723404, 0.5416666666666666, 0.5102040816326531, 0.5294117647058824, 0.5208333333333334]","[1.0, 1.0, 1.0, 1.0, 1.0]","[1, 1.0, 1, 1, 1]","[0.5106382978723404, 0.5416666666666666, 0.5102040816326531, 0.5294117647058824, 0.5208333333333334]","[0.0, 0.043478260869565216, 0.0, 0.0, 0.0]","[1.0, 0.9965217391304348, 0.9833333333333333, 0.9938271604938272, 0.9982608695652173]"
[],"[0.22535211267605634, 0.228310502283105, 0.22522522522522523, 0.23076923076923075, 0.228310502283105]","[0.5106382978723404, 0.5208333333333334, 0.5102040816326531, 0.5294117647058824, 0.5208333333333334]","[1.0, 1.0, 1.0, 1.0, 1.0]","[1, 1, 1, 1, 1]","[0.5106382978723404, 0.5208333333333334, 0.5102040816326531, 0.5294117647058824, 0.5208333333333334]","[0.0, 0.0, 0.0, 0.0, 0.0]","[1.0, 0.9965217391304348, 0.9833333333333333, 0.9938271604938272, 0.9982608695652173]"
[],"[0.22535211267605634, 0.228310502283105, 0.22522522522522523, 0.23076923076923075, 0.228310502283105]","[0.5106382978723404, 0.5208333333333334, 0.5102040816326531, 0.5294117647058824, 0.5208333333333334]","[1.0, 1.0, 1.0, 1.0, 1.0]","[1, 1, 1, 1, 1]","[0.5106382978723404, 0.5208333333333334, 0.5102040816326531, 0.5294117647058824, 0.5208333333333334]","[0.0, 0.0, 0.0, 0.0, 0.0]","[1.0, 0.9965217391304348, 0.9833333333333333, 0.9938271604938272, 0.9982608695652173]"
[],"[0.22535211267605634, 0.228310502283105, 0.22522522522522523, 0.23076923076923075, 0.228310502283105]","[0.5106382978723404, 0.5208333333333334, 0.5102040816326531, 0.5294117647058824, 0.5208333333333334]","[1.0, 1.0, 1.0, 1.0, 1.0]","[1, 1, 1, 1, 1]","[0.5106382978723404, 0.5208333333333334, 0.5102040816326531, 0.5294117647058824, 0.5208333333333334]","[0.0, 0.0, 0.0, 0.0, 0.0]","[1.0, 0.9965217391304348, 0.9833333333333333, 0.9938271604938272, 0.9982608695652173]"
[],"[0.22535211267605634, 0.228310502283105, 0.22522522522522523, 0.23076923076923075, 0.228310502283105]","[0.5106382978723404, 0.5208333333333334, 0.5102040816326531, 0.5294117647058824, 0.5208333333333334]","[1.0, 1.0, 1.0, 1.0, 1.0]","[1, 1, 1, 1, 1]","[0.5106382978723404, 0.5208333333333334, 0.5102040816326531, 0.5294117647058824, 0.5208333333333334]","[0.0, 0.0, 0.0, 0.0, 0.0]","[1.0, 0.9965217391304348, 0.9833333333333333, 0.9938271604938272, 0.9982608695652173]"
[],"[0.22535211267605634, 0.228310502283105, 0.22522522522522523, 0.23076923076923075, 0.228310502283105]","[0.5106382978723404, 0.5208333333333334, 0.5102040816326531, 0.5294117647058824, 0.5208333333333334]","[1.0, 1.0, 1.0, 1.0, 1.0]","[1, 1, 1, 1, 1]","[0.5106382978723404, 0.5208333333333334, 0.5102040816326531, 0.5294117647058824, 0.5208333333333334]","[0.0, 0.0, 0.0, 0.0, 0.0]","[1.0, 0.9965217391304348, 0.9833333333333333, 0.9938271604938272, 0.9982608695652173]"
[],"[0.22535211267605634, 0.228310502283105, 0.22522522522522523, 0.23076923076923075, 0.228310502283105]","[0.5106382978723404, 0.5208333333333334, 0.5102040816326531, 0.5294117647058824, 0.5208333333333334]","[1.0, 1.0, 1.0, 1.0, 1.0]","[1, 1, 1, 1, 1]","[0.5106382978723404, 0.5208333333333334, 0.5102040816326531, 0.5294117647058824, 0.5208333333333334]","[0.0, 0.0, 0.0, 0.0, 0.0]","[1.0, 0.9965217391304348, 0.9833333333333333, 0.9938271604938272, 0.9982608695652173]"
[],"[0.22535211267605634, 0.228310502283105, 0.22522522522522523, 0.23076923076923075, 0.228310502283105]","[0.5106382978723404, 0.5208333333333334, 0.5102040816326531, 0.5294117647058824, 0.5208333333333334]","[1.0, 1.0, 1.0, 1.0, 1.0]","[1, 1, 1, 1, 1]","[0.5106382978723404, 0.5208333333333334, 0.5102040816326531, 0.5294117647058824, 0.5208333333333334]","[0.0, 0.0, 0.0, 0.0, 0.0]","[1.0, 0.9965217391304348, 0.9833333333333333, 0.9938271604938272, 0.9982608695652173]"
[],"[0.22535211267605634, 0.228310502283105, 0.22522522522522523, 0.23076923076923075, 0.228310502283105]","[0.5106382978723404, 0.5208333333333334, 0.5102040816326531, 0.5294117647058824, 0.5208333333333334]","[1.0, 1.0, 1.0, 1.0, 1.0]","[1, 1, 1, 1, 1]","[0.5106382978723404, 0.5208333333333334, 0.5102040816326531, 0.5294117647058824, 0.5208333333333334]","[0.0, 0.0, 0.0, 0.0, 0.0]","[1.0, 0.9965217391304348, 0.9833333333333333, 0.9938271604938272, 0.9982608695652173]"
